color,l,a,b,parent
䌦色,40.983,-22.77,-4.906,青
䒌靘,30.319,4.261,-11.381,黑
丁子茶,56.91,18.52,37.43,流黄
丁香,67.838,29.165,-13.939,紫
丁香棕,43.96959239,14.69246505,17.33038393,黑
丁香淡紫,84.47080597,15.43269133,-7.943566691,白
丁香色,68.511,16.06,-17.3165,紫
丁香褐,65.178,11.826,15.584,白
万寿菊黄,69.77138553,38.58284314,65.86379468,黄
三公子,32.752,28.242,-24.497,紫
上兰,33.5,2.5,-29.5,青
不皂,69.139,-2.744,4.263,碧
东方既白,66.371,0.064,-21.161,青
东方白,73,-3,-3,白
丝瓜花黄,84.357,-2.941,64.279,黄
中兰,51,-1,-35,青
中天蓝,71,-7,-6,碧
中晚波兰,56,-8,-6,青
中条虾绿,57.137,-3.967,4.049,碧
中果绿,57,-39,11,绿
中柚蓝,56,-9,-24,青
中棕灰,63.031,-1.038,17.808,绿
中灰,68.244,0.701,3.322,白
中灰肤色,48.69,28.08,27.62,赤
中灰驼,44.67978115,8.881769037,8.891570822,黑
中石蕊红,73,16,-1,白
中红灰,54.19417428,10.967015,12.45280023,紫
中肉,74,10,12,白
中蓝,40.5,-2,-34.5,青
中驼,53.883,4.836,17.485,绿
中黄,77.9,11.7,76,黄
丹东石,79.982,0.302,35.984,黄
丹秫,33.427,34.535,27.965,赤
丹紫红,56.12085981,46.69343631,-6.568130027,红
丹罽,48.099,74.232,56.84,赤
丹色,55.97266667,42.13566667,44.31133333,赤
丹雘,42.682,64.538,45.256,赤
丽春红,45.01843341,59.58534619,35.6643386,赤
乌梅紫,19.11653328,11.79013839,-8.790795359,黑
乌罗松红,38.246,49.688,19.07,红
乌色,33.388,4.452,-1.495,黑
乌贼灰,52.65505389,10.4950927,4.975090268,紫
乌金,52.778,3.914,33.107,流黄
乌黑,18.663,1.485,-3.2235,黑
九斤黄,74.687,9.305,34.841,黄
乳棕,76.138,-1.305,23.749,白
乳灰,74.388,-1.833,15.277,白
乳鸭黄,82.41206215,7.152634445,74.05032522,黄
乳黄色,89.254,-2.253,24.3,白
二目鱼,88.927,-1.578,3.303,白
二硃,46.757,34.971,20.089,红
二绿,62.469,-23.543,-3.792,碧
二青,75.9,-25.2,-12.5,碧
云山蓝,60.1661774,-7.215114894,-30.1988256,青
云峰白,82.78188897,-0.409886359,-9.558193196,白
云杉绿,18.61599239,-13.18432159,2.487413523,黑
云母,77.285,0.557,7.562,白
云母白,93.522,-0.437,1.449,白
云水蓝,77.58890393,0.374490227,-12.20898847,白
云灰,79.733,-5.811,-0.868,白
云门,81.436,-11.911,-12.967,白
井天,78.476,-11.576,-5.566,白
井天蓝,80.64321019,-1.868683977,-13.1971815,白
亚丁绿,56.43982009,-19.40686276,-0.709692401,碧
京元,20.503,-1.789,3.671,黑
人熊东方白,72,-4,-2,碧
人熊中蓝,42,-5,-31,青
人熊浅蓝,53,-8,-24,青
人熊深蓝,31,0,-32,青
人籁,71.762,-29.51,69.043,黄
介壳淡粉红,83.64905284,16.66523953,14.54488531,白
仙米,81.112,-1.189,16.892,白
优昙瑞,43.32,20.376,-39.488,紫
伽罗,39.987,2.166,20.396,黑
余烬红,56.25777494,28.85649828,34.99371104,赤
余白,82.321,-4.572,6.243,白
佛头青,21.259,7.415,-29.675,黑
佛手黄,84.99858618,-1.078220948,73.47796824,黄
佛赤,36.67,33.545,27.335,赤
佩玖,66.061,1.221,12.683,绿
假山南,78.979,2.422,16.042,白
元色,20,-3,-1,黑
光明砂,52.701,40.789,52.837,赤
兔眼红,54.36239055,59.47059044,-0.500216589,红
兰苕,72.285,-12.797,20.189,绿
养生主,65.498,4.95,18.115,绿
兽皮色,62.825,4.323,24.915,流黄
军绿,46.971,-13.824,21.262,绿
冥色,40.484,-0.461,11.332,黑
冬灰色,53.226,-5.603,0.535,青
冬瓜绿,57.715,-23.091,16.535,绿
冬绿,56.954,-15.809,11.04,绿
冬青绿,45.02369041,-10.3978919,3.327610473,青
冰台,79.958,-7.573,8.083,白
冰山蓝,70.59994001,-4.260385756,-3.543123438,碧
冻缥,77.748,-4.091,7.063,白
凋叶棕,71.07756606,20.70702424,39.97276367,黄
凝夜紫,19.941,25.941,-25.602,紫
凝脂,98,-5.588,8.298,白
凤仙粉,75.909,19.614,6.474,白
凤仙紫,48.909,18.62,-13.929,紫
凤仙花红,63.8654333,36.30703554,3.43490867,红
凤信紫,72.61872272,15.62919765,-11.13871368,白
出岫,67.51,-7.558,27.221,绿
初桃粉红,86.67381781,10.82411852,7.546506772,白
初熟杏黄,80.51428647,11.01031713,56.79439603,黄
初荷红,65.67213857,43.50826986,-4.020221296,红
剑锋紫,34.74799596,6.003776649,-8.318252232,黑
剑鞘绿,50.577811,-7.171917962,1.832378167,青
劳动布色,32.174,4.219,-19.389,黑
包头青色,40.74,0.81,5.46,黑
北京毛蓝,46.38,-0.511,-23.531,青
北瓜黄,72.84317517,33.01367404,50.26005852,黄
十样锦,79.4435,19.739,14.45,白
千山翠,50.723,-8.727,3.237,青
半见,97.785,-6.761,25.473,白
南瓜黄,75.022,12.36,32.745,黄
卡其绿,58.919,-6.755,24.771,绿
卡其黄,73.833,1.082,30.244,黄
卵石紫,26.198012,17.85948485,0.940423616,黑
卵色,88.846,-7.395,5.716,白
古代朱,31.37,8.54,4.53,黑
古铜,39.5,12,18,黑
古铜紫,24.14387525,28.307846,-4.06471558,紫
古铜绿,36.58259402,3.805096066,20.29628636,黑
古铜褐,35.44287174,12.05257944,28.25511769,流黄
古鼎灰,30.86091244,8.505089336,-6.055393701,黑
可可棕,28.13021049,19.15845821,10.6051894,黑
合欢红,73.94174533,29.43660356,6.505226383,红
吉量,93.258,-3.098,6.544,白
吉金,47.894,5.881,25.381,流黄
吊钟花红,63.3170512,47.10535283,-2.172448436,红
吐绶蓝,51.574,-10.323,-24.357,青
吴须色,33.674,11.03,-43.814,紫
和平兰,46,-13,-40,青
咖啡棕,50.175,4.273,16.873,绿
咸池,73.642,17.949,6.928,白
品月,68.669,-3.392,-20.434,青
品红,50.70694471,61.83619618,4.385212568,红
品绿,49.619,-23.525,-13.566,青
品蓝,43.79266602,4.71759326,-38.99076569,青
唇红,66.64418217,44.91379932,17.71310948,红
唇脂,49.74,46.55,14.512,红
唐菖蒲红,50.70743834,64.13225869,32.54217224,赤
喜蛋红,46.79861803,62.23691999,6.933584309,红
嘉陵水绿,82.52802956,-19.25307856,14.79023625,白
土布色,73.71,8.686,29.76,黄
土红,43.71,26.898,11.804,红
土耳其玉绿,74.00805438,-20.33928369,-11.54556974,碧
地籁,83.509,1.757,15.081,白
地血,37.717,29.005,-5.26,紫
垂丝海棠红,71.59707527,44.77461186,-7.753099651,红
垩灰,52.46536534,-4.383588031,-4.374538047,青
墨灰,47.371,-1.842,-6.005,青
墨紫,17.42245993,26.11173784,-10.03478097,紫
墨黪,35.157,0.53,6.759,黑
夏云灰,49.9102624,-4.92290967,-5.874393451,青
夏籥,74.06,9.967,13.977,白
夕岚,75.899,21.496,1.547,白
夕阳红,56.55923023,62.91106209,34.94502703,赤
夜灰,52.489,1.565,5.456,青
夜绿色,52.021,-8.599,7.503,绿
大云,52.168,5.247,26.576,流黄
大块,69.702,3.201,22.38,绿
大理石灰,81.84912423,1.475586886,-7.274814422,白
大理石色,70.684,-6.133,4.82,碧
大紫,29.2,21,-7.8,紫
大繎,29.653,40.625,21.417,红
大红官绿色,64.79,-12.25,-2.04,碧
大绿,33.1,-29.4,11.3,绿
大豆黄,85.13613146,4.755106601,64.28341776,黄
大赤,62.373,-2.422,42.707,流黄
大赤金,67.509,-7.783,29.912,绿
天兰,68,-19,-25,青
天水碧,65.0185,-19.7085,-7.504,碧
天球,88.305,-3.893,12.388,白
天缥,91.233,-9.101,2.377,白
太一余粮,74.549,1.398,48.643,黄
太师青,40.472,-8.088,-4.089,青
夹竹桃红,57.31465062,50.01259156,5.42320832,红
女贞黄,93.425,-6.612,32.634,白
奶棕,67.488,7.933,8.75,白
奶绿,79.772,-10.359,8.296,白
奶黄,83.5,-2.5,70,黄
如梦令,78.002,7.242,21.765,白
妃红,43.255,37.159,21.29,红
姚黄,81.37235004,-11.67909463,35.95377421,黄
姜红,65.70910573,20.82009593,0.990238274,紫
媚蝶,54.156,26.314,42.949,赤
嫣红,59.824,41.763,11.648,红
嫩姜黄,75.286,-0.899,60.312,黄
嫩灰,52.03022511,0.334603718,-3.979879341,青
嫩草绿,65.584,-14.742,41.767,黄
嫩荷绿,84.92377881,-22.35779174,18.77042227,绿
嫩菊绿,93.97866533,-6.163410199,5.716582064,白
嫩菱红,57.06417782,54.75118508,-2.890863663,红
嫩葱绿,58.9895,-17.476,6.5565,碧
嫩鹅黄,83.6495,-3.2965,54.494,黄
嫩黄,87.06666667,-2.9,52.66666667,黄
孟加拉玫瑰红,53.56403869,33.71402352,2.173675805,红
安安蓝,44.80863464,5.986637139,-34.34947679,青
官绿,40.30666667,-28.224,10.76133333,绿
宝石红,40.224,60.233,43.086,赤
宝石绿,63.74827412,-49.20800019,33.87977323,绿
宫殿绿,52.11040413,-39.72301297,13.75727004,绿
宵蓝,64.20562658,4.886783709,-32.92346448,青
密陀僧,68.933,10.60166667,41.29,黄
富春纺色,85.998,2.212,26.6,白
射干,43.33,5.641,23.852,流黄
将校呢,40.122,-0.343,12.653,黑
小红,58.933,35.2845,26.564,赤
小鸡黄,82.433,-3.532,37.12,黄
少艾,90.787,-15.179,39.427,黄
尖晶玉红,47.16016655,56.89744571,17.45431862,红
尘灰,67.04613504,1.918332025,18.2272122,绿
尼罗蓝,51.6637854,2.75302183,-41.75210695,青
山岚,82.178,-10.993,9.127,白
山梗紫,52.2295,10.496,-25.184,紫
山矾,95.965,0.49,0.716,白
山茶红,60.81249994,60.24772325,18.26849121,红
山鸡褐,49.34914484,15.77230399,37.7511049,流黄
山鸡黄,57.69919086,4.399509785,45.01250878,流黄
山黎豆红,55.56110195,26.91702985,1.258905161,紫
岩岱赭,39.34,18.46,12.96,紫
岩石棕,46.30814956,22.84270485,31.32666112,赤
岩赭石,69.51,9.77,5.04,白
岱赭,44.899,34.8145,26.632,赤
巧格力棕,32.87557212,14.50002448,6.44645865,黑
巨吕,60.44,3.426,32.077,流黄
巴黎绿,67.17317119,-30.84821144,20.76234452,绿
帆黄,66.68471568,19.85666218,43.11640806,流黄
帝释青,21.208,3.37,-30.456,黑
库金,63.9435,12.66,47.369,流黄
庭芜绿,56.973,-26.189,24.947,绿
庭院瓦灰色,53.532,-1.247,8.688,绿
延维,35.833,23.336,-44.992,紫
弗肯红,87.768,3.641,11.231,白
彤管,72.886,25.106,4.297,红
彩绿,40,-43,0,碧
影青,80.84,-3.37,-5.109,白
战舰灰,40.72115068,0.061748363,-14.05235194,青
扁豆紫,51.47038176,31.539682,-18.26937675,紫
扁豆花红,60.83036472,59.39740137,-4.293164893,红
扁青,56.549,-19.897,-8.664,碧
扎绿,41,-17,-25,青
执大象,59.528,-4.63,13.842,绿
扶光,81.686,11.988,22.318,白
承德灰,47.0865,-0.71,2.7425,青
承德皂,41.4105,-0.299,3.615,青
报春红,62.33349397,32.36939003,1.504931949,红
拂紫绵,41.221,26.246,-17.946,紫
拉丝红,44.946,63.434,45.19,赤
指甲红,81.3064612,14.91992127,2.376085444,白
挼蓝,62.327,-4.032,-26.393,青
搪磁蓝,42.49300951,-2.293523103,-34.5522845,青
斑鸠灰,27.55189122,17.5021614,-3.968988749,黑
断肠,92.196,-6.311,20.073,白
新禾绿,74.77233405,-3.152634495,64.20375446,黄
新芽色,65.415,-5.654,36.739,流黄
方解末,83.97,1.56,7.1,白
旗红,48,62,42,赤
无花果红,75.92273978,23.55412884,6.458307216,白
昌荣,82.646,11.963,-10.197,白
明月珰,84.406,-1.252,4.571,白
明灰,62.6162694,-7.051268763,-0.197262982,碧
明绿,75.65162343,-24.64205035,20.47040953,绿
明茶褐,56.587,6.266,18.476,绿
昏黄,62.043,11.351,43.517,流黄
星灰,69.75782993,-0.021859786,-7.070788389,白
星蓝,78.49387028,-1.591665213,-16.64751935,白
星郎,83.729,-4.063,-12.034,白
春梅红,71.71755927,32.29906602,7.5028615,红
春碧,64.075,-4.754,14.165,绿
春绿,82.991,-7.558,15.192,白
春蓝,67.29,-7.196,-3.61,碧
春辰,73.992,-18.426,31.515,绿
晓灰,76.86566187,6.387730738,6.792832099,白
晚天兰,57,-21,-34,青
晚波蓝,63.30972024,-7.987481729,-4.874384591,碧
晨曦红,67.1171607,36.27493237,38.03860121,赤
普蓝,33.19266667,5.296,-39.95766667,紫
晴天兰,70,-20,-20,碧
晴山,75.102,-1.094,-18.728,白
晴山蓝,71.19534808,-1.02728595,-21.57397072,青
晴蓝,64.20381489,0.434740477,-24.02216433,青
晶石紫,18.64182518,8.678167394,-18.9200787,黑
晶红,73.56392236,36.10455593,3.728541903,红
暗橄榄绿,52.87247754,-14.07232657,5.192149054,碧
暗海水绿,38.48338435,1.530420319,32.34024476,流黄
暗灰,48.967,-1.2,0.316,青
暗灰肤色,38.55,12.51,11.13,黑
暗玉紫,31.65502154,23.97777604,9.498856007,紫
暗砖灰,43.04759374,10.31892209,5.341732047,黑
暗粉,63.392,32.318,-5.968,紫
暗紫苑红,35.23373607,34.08633942,7.948687687,紫
暗绿,42,-11,5,青
暗苔绿,44.632,-12.297,9.162,绿
暗蓝,24.01975677,-0.375823677,-14.32143283,黑
暗蓝紫,13.24360737,5.759171948,-19.05979564,黑
暗驼棕,27.99994444,19.24443253,8.882248481,黑
暗龙胆紫,21.90416847,5.316874527,-11.04451972,黑
暮云灰,41.79587538,11.3720118,-0.442433517,紫
暮山紫,70.783,6.796,-22.555,青
暮色,56.808,39.359,38.224,赤
曙红,43.23075,50.17075,34.2525,赤
曲红,61.22094969,48.35917454,32.38636002,赤
曾青,35.289,5.202,-10.701,黑
月兰,45,-16,-43,青
月季红,44.15075693,49.14654748,9.388908968,红
月影白,77.15135583,1.377893966,-5.8067265,白
月月红,47,52,5,红
月灰,71.34503026,-3.10641345,36.20298442,黄
月魄,73.739,-1.397,-0.489,白
朝霞红,23.892,44.028,28.149,赤
木兰,25.72,25.594,20.544,黑
木槿紫,58.46466667,24.55966667,-22.71833333,紫
木瓜黄,81.13854818,7.256961112,65.49793501,黄
木红,47.288,27.2905,20.729,红
朱古力色,44.864,6.067,12.914,黑
朱土,59.3,19.87,31.7,流黄
朱孔阳,39.898,60.281,27.572,赤
朱柿,61.124,46.901,44.955,赤
朱槿色,50.179,62.444,43.144,赤
朱樱,31.43,46.791,27.322,赤
朱殷,43.483,50.011,40.3,赤
朱湛,35.405,42.143,24.859,赤
朱石栗,37.143,21.009,27.363,赤
朱砂,44.746,52.06966667,40.211,赤
朱缥,64.48,54.19,51,赤
朱草,41.284,41.421,27.849,赤
朱颜酡,71.759,29.213,32.57,赤
李紫,21.31199693,19.63361356,1.177694796,黑
杏仁黄,86.0572145,8.131119573,30.19528415,黄
杏子,66.295,19.329,58.374,黄
杏棕,55,17.5,23,红
杏灰,60.5,7,13,绿
杏皮,67.5,9,18.5,白
杏红,63.606,36.623,49.747,赤
杏肉,69.5,16,20.5,红
杏色,60.5,18,21.5,红
杨妃,70.398,37.598,7.578,红
杨桃色,85.694,-14.926,50.01,黄
杨梅花红,58.1950026,42.71967748,15.73817829,红
松灰,60,0,-4,青
松绿,61.5085,-7.3165,23.644,绿
松花,86.9975,-7.765,55.2795,黄
松花绿,42.266,-28.353,15.182,绿
松花色,43.737,-56.962,23.606,绿
松霜绿,65.98789663,-12.61877108,4.630464699,碧
松鼠灰,41.14386158,3.042784373,11.17162789,黑
极光红,70.31462202,44.1731742,29.03620199,赤
枇杷黄,75.38433545,29.85882784,69.74743663,黄
果灰,69.917,-11.934,4.686,碧
果肉色,82.642,10.443,16.696,白
枝黄,77.658,-4.362,44.489,黄
枣紫,25.704,20.576,5.738,黑
枣酱,33,36,-6,紫
枫叶红,44.87483354,45.75413671,19.63192711,红
枯黄,67.4375,17.7385,37.281,流黄
枸杞红,51.57741738,55.90789295,14.25117331,红
枸枢红,52.528,68.75,45.692,赤
柏坊灰蓝,39.9305,-2.908,-17.4595,青
柏林蓝,45.65087245,0.448607175,-43.98694894,青
柔蓝,41.652,-6.106,-32.874,青
柚黄,83.10579686,-3.845750913,80.76678958,黄
柞叶棕,29.79071571,24.14051478,20.90380549,黑
柞蚕绿,56.16101872,-20.96541928,16.63242723,绿
柠檬黄,86.59166029,-2.062837821,66.06729438,黄
柳叶黄,67.27,-11.89,66.45,黄
柳绿,65.693,-19.2255,24.508,绿
柳色,58.571,-20.911,45.378,绿
柳黄,77.5645,-9.9375,45.4105,黄
柿子红,54.493,36.51,45.924,赤
柿红,55.7005014,61.03628221,42.18011714,赤
柿黄,62.3,40.5,34.9,赤
树皮色,52.272,15.182,27.045,流黄
栗子色,40.11,22.629,40.222,流黄
栗棕,25.90510746,26.79449615,15.16226764,黑
栗紫,26.70935139,27.64071136,11.01444934,黑
栗红,35.03,46.062,28.279,赤
栗色,24.724,29.51,17.204,黑
栾华,70.804,-3.555,42.74,黄
桂皮淡棕,65.78960326,11.96795566,28.50234202,流黄
桂皮色,57.042,12.305,26.671,流黄
桂红,59.58654729,52.39111782,35.06366665,赤
桂花黄绿,61,-10,22,绿
桃夭,82.159,21.545,2.754,白
桃色,60.847,50.55,-6.69,红
桑皮绿,75.52125052,-14.74935255,-0.056009204,碧
桑蕾,86.474,-2.721,32.864,黄
桔梗紫,46.89095887,34.2557376,-28.4701343,紫
梅子青,83.438,-11.948,14.568,白
梧枝绿,67.76744188,-18.36006148,-0.268913257,碧
棕叶绿,56.18803313,1.745283489,40.84557828,流黄
棕榈绿,38.44039879,1.622833423,38.91483889,流黄
棕灰,68.5,6.9,8.1,白
棕红,36.166,15.002,11.79533333,黑
棕茶,58.99,8.831,31.412,流黄
棕茶色,55.42,16.437,29.361,流黄
棕褐,37.866,29.147,28.576,赤
棠梨,48.345,33.336,29.311,赤
棠梨褐,44.371,21.685,24.056,赤
植物花青,43.93,-7.87,-11.44,青
椒房,69.218,16.887,41.456,黄
椒褐,42.3065,24.0845,12.2165,红
椰壳棕,37.94549207,29.39094435,30.86318951,赤
椹汁紫,30.76037968,27.11175255,-20.92872193,紫
楝色,62.102,10.869,-24.533,青
榅桲红,52.72787663,42.51468342,3.595144259,红
榲桲红,53.041,72.51,14.221,红
榴子红,70.7098143,34.12034538,14.18523259,红
榴花红,55.01933315,54.6050148,40.2364207,赤
榴萼黄,74.57713406,24.47148913,55.80104992,黄
槐花,90.3,3.3,10.6,白
槐花黄绿,82.84017425,-17.14020024,43.91197591,黄
槐黄,88.927,-13.895,67.36,黄
槟榔棕,48.52499542,27.40465971,44.5686138,赤
槲寄生绿,28.42962339,-5.430212459,1.348695782,黑
槿紫,55.58558178,18.15462323,-24.57547582,紫
樫鸟蓝,54.32914174,-19.44986389,-19.4657309,青
樱桃红,47.22259954,65.8124833,38.60219645,赤
樱桃色,47.622,64.257,15.921,红
樱红,52,61,28,赤
樱花,79.375,20.531,-8.54,白
樱花红,85.52729296,10.94925146,-3.30517337,白
樱草紫,53.74332759,33.30844808,-7.344292173,紫
樱草色,86.2685,-9.0135,54.21,黄
橄榄石灰,55.11479314,-7.373097845,1.89656192,青
橄榄石绿,73.03531567,-19.38059303,28.97952934,绿
橄榄黄绿,74.3023472,-20.73424996,56.12354016,黄
橘橙,69.61311218,36.17388229,55.09070327,赤
橘红,59.11,44.224,54.88,赤
橘黄,62.772,38.293,47.355,赤
橙皮黄,75.10175896,26.75738236,78.87547051,黄
橙色,57.891,30.342,50.018,赤
橡树棕,38.40386674,18.41597789,13.6143009,黑
檀唇,70.355,19.991,18.237,红
檀紫,27.39223428,21.40425386,-3.435159954,紫
檀色,51.358,25.739,15.65433333,红
檀褐,43.078,22.486,29.93,赤
檀香色,61.019,15.909,47.727,流黄
檎丹,54.158,60.446,52.046,赤
檗黄色,89.4255,-3.6105,38.0075,黄
欧碧,82.63,-18.276,29.743,绿
正灰,66.812,-2.176,-3.685,碧
正青,65.19,-17.571,-9.757,碧
毛月色,50.162,1.1435,-30.451,青
毛绿,62.83496109,-25.08266185,7.744251823,碧
毛青,27.21,-0.13,-24.75,黑
水兰,69,-29,-13,碧
水华朱,36.829,53.072,32.261,赤
水晶末,77.7765,13.952,22.833,白
水牛灰,30.93976753,2.518231269,-8.075139205,黑
水绿,46,-22,14,绿
水色,64.204,-11.246,-2.656,碧
水蓝,89.188,-5.258,-3.985,白
水貂灰,62.913,-3.705,3.446,碧
水黄,81.64,-10.768,15.306,白
水龙吟,63.92,-29.619,57.069,黄
汉白玉,96.316,0.13,3.837,白
沉香,55.374,6.453,14.444,绿
沙绿,47.7205,-17.358,0.707,青
沙青,38.571,-6.3805,-21.1465,青
沙饧,69.126,1.572,31.308,流黄
沙鱼灰,28.80295571,3.261279895,-8.757983372,黑
沧浪,82.435,-14.438,2.471,白
河豚灰,37.35855513,-3.685460951,1.460484231,黑
油烟墨,31.5435,-0.856,1.8255,黑
油紫,13.249,29.798,-8.929,紫
油菜花黄,89.28522172,-2.103273855,61.28373911,黄
油葫芦,34.476,5.71,20.268,黑
油青,29.202,1.826,18.591,黑
沼绿,33.72245366,-6.660582759,-3.142163348,黑
法国梧桐皮色,61.99,-5.315,10.571,绿
法翠,52.703,-26.239,-14.616,青
法螺红,65.181,38.686,41.844,赤
波根红,77,31,1,红
泥灰,56,5,12.7,绿
洋水仙红,84.17862545,17.54888156,5.461747688,白
洋红,50.4705,55.744,-10.525,红
洋葱紫,49.50624366,33.01844846,-3.455447662,紫
洛神珠,47.878,58.187,52.528,赤
流黄,57.7035,10.726,46.721,流黄
浅中灰,74.54,1.1,1.72,白
浅中绿,58,-38,-5,碧
浅云,93.88,-0.787,-1.912,白
浅兰绿,85,-16,-1,白
浅凤仙紫,66.185,32.351,-31.066,紫
浅咖啡,50,8,10,青
浅品兰,40,-6,-42,青
浅土蓝,38.27,-1.372,-16.801,青
浅天兰,78,-17,-12,碧
浅妃,90,17,6,白
浅姜黄,81,12,50,黄
浅嫩绿,81,-25.5,38.5,绿
浅嫩黄,94,-11,28,白
浅月灰,74,-4,5,白
浅杏灰,63,6,12,绿
浅杏色,65,20,27,流黄
浅杏黄,88,5,50,黄
浅松绿,76.363,-13.945,-0.072,碧
浅果绿,83.5,-13,12,白
浅桔红,70,36,37,赤
浅桔黄,73.674,7.445,23.739,白
浅棕,58.7,11.05,17.1,流黄
浅棕灰,86.02,-1.126,11.221,白
浅水绿,89.526,-10.324,-0.193,白
浅波根红,82,21,4,白
浅海昌蓝,42.775,7.949,-27.923,紫
浅湖灰,64,-10,3,碧
浅湖绿,86,-14.5,5,白
浅灰绿,71.57841164,-0.456738724,18.41555524,白
浅玉,88,3,17.5,白
浅玉色,88.5,5,20,白
浅玫瑰,49,41,-3,紫
浅瓜皮绿,78,-24,28,绿
浅石英紫,65.458,16.057,-22.914,紫
浅碧青,65,-21,-14,碧
浅米黄,73,3,19,白
浅粉,90.664,5.882,-3.777,白
浅粉兰,84,-3,-2,白
浅糙米黄,84,6,37,黄
浅红,69,41.5,11,红
浅红棕,66,19,27,流黄
浅红莲,60,39,-8,紫
浅翠兰,72,-27,-17.5,碧
浅肉,74,10,16,白
浅肉粉,84.608,8.922,17.067,白
浅芍药红,72,30,3,红
浅芍药绯红,61,38,-9,紫
浅芽绿,83,-6,19,白
浅茄花紫,62,42,-4,红
浅茜红,70.5,41.5,23,红
浅草灰,62,-3,15,绿
浅草绿,76.249,-20.2395,53.698,黄
浅草黄,73,4,38,黄
浅荠菜绿,50,-12,6,绿
浅蔚蓝,73,-21,-13,碧
浅藤紫,78.786,2.466,-6.492,白
浅蜜,99,-3,22,白
浅蜜黄,94,-3,26,白
浅豆沙,70,6,12,白
浅豆灰,59,6,6,青
浅豆绿,59,-11,21,绿
浅豆黄,75,7,28,黄
浅铬黄,78.21602878,8.952211239,73.44079879,黄
浅雪灰,79,11,4,白
浅雪酱,56,40,-13,紫
浅青兰,52,-10,-23,青
浅青瓷釉色,87.03,-7.382,3.554,白
浅韭黄,80,-20,53,黄
浅驼色,76.94894737,4.435896181,24.82730245,白
浅驼黄,60,23,43,流黄
浅鲜绿,87.003,-16.213,0.173,白
浅鹅黄,92,-9,62,黄
浅黄棕,71.601,14.695,38.317,黄
浪花绿,72.61220573,-10.62915612,-0.401628903,碧
浮萍绿,45.48871458,-25.28456699,19.82933216,绿
海军蓝,40.32287145,-0.057951334,-25.24041201,青
海参灰,71.54819122,0.654427496,-5.017477718,白
海天蓝,79.98718245,-10.10128626,-8.988277012,白
海天霞,75.12,26.273,20.86,红
海带绿,41.21692356,-7.151237379,1.849489316,青
海报灰,23.592,9.314,4.363,黑
海沫绿,78.42676131,-10.51214659,18.71251547,白
海沬绿,90.36,-8.33,18.951,白
海涛蓝,39.91070861,6.249850428,-38.44567815,紫
海王绿,50.97306654,-28.06243243,0.812182656,碧
海蓝,53.37233333,-12.51033333,-26.486,青
海螺橙,70.71056996,31.32954647,34.5631179,赤
海象紫,29.84876144,25.78119212,-6.408859632,紫
海豹灰,44.37448298,10.28619604,5.251567421,紫
海青,67.87491628,-17.49147015,-28.62586219,青
海鸥灰,61.61551346,6.764362996,8.410816093,碧
润红,83.93548798,15.97421941,10.00781838,白
涧石蓝,65.45694677,-12.56859382,-22.34261921,青
淡可可棕,45.42521717,35.85375815,43.9876636,赤
淡咖啡,49.08668678,16.58461938,21.60901783,红
淡土黄,45.94816639,20.96171601,20.49853641,红
淡墨绿,41,-23,6,绿
淡曙红,53.86818255,63.4395732,27.02304555,红
淡松烟,39.78959305,3.547999317,11.13330493,黑
淡栗棕,34.59365271,18.40191566,13.98651297,黑
淡桃红,79.92950459,17.75265245,10.53531646,白
淡棕茶,66.795,-0.875,15.373,绿
淡橘橙,73.90974382,27.21732716,65.93603428,黄
淡灰绿,65.12770935,-6.149807101,16.96330452,绿
淡牵牛紫,76.39146147,12.93445616,-7.658983023,白
淡玫瑰灰,62.92945192,13.80913772,7.598458043,白
淡米粉,89.87526818,6.582483493,3.831523603,白
淡米色,90.592,-5.808,22.472,白
淡粉,74.178,19.64,-2.742,白
淡紫,71.859,6.927,-22.277,青
淡红灰,63.59104478,10.83372352,2.064037162,青
淡纬红,71.56594766,23.8379879,2.777691723,红
淡绛红,64.158,48.693,4.181,红
淡绯,83.00249711,16.84103728,2.159418219,白
淡维红,75.03989368,41.55624333,4.129166541,红
淡绿灰,58.13458604,-9.090759527,-0.472819615,碧
淡罂粟红,74.10370935,33.67326113,22.78477303,红
淡翠绿,85.90773111,-10.27496554,3.24962624,白
淡肉色,92.38539896,4.634692122,23.30888895,白
淡芍药红,83,15,8,白
淡茜红,67.28812011,40.11280881,6.16905788,红
淡茧黄,86.61476294,4.851380464,41.85638542,黄
淡菽红,58.41522425,53.59142345,28.26923151,赤
淡蓝,70.2,-5.3,-17.55,青
淡蓝灰,47.93869554,-2.066742354,-11.553791,青
淡蓝紫,70.49197099,10.14655138,-14.73193158,白
淡蕊香红,61.73726334,60.26889688,13.70790354,红
淡藏花红,79.13723039,27.59218254,21.09493673,红
淡藕荷,81.056,6.485,-8.938,白
淡藤萝紫,91.75938287,6.480981783,-3.336705921,白
淡蜜黄,84.32998097,3.858530089,51.1871637,黄
淡豆沙,40.86509105,26.86848021,26.73673506,赤
淡赭,60.01647284,15.72214042,24.5604207,流黄
淡郁金红,76.00721825,15.3526361,-0.882280332,白
淡铁灰,42.89319063,10.22375962,5.938975981,黑
淡银灰,72.51399248,6.168841368,7.438564721,白
淡青,83.616,-1.54,-12.401,白
淡青紫,82.786,9.924,-1.398,白
淡青莲,81.34793178,17.02357815,-13.89570045,白
淡驼,70,5,14,白
淡黄,90.766,-3.428,28.473,白
深上兰,25,2,-24,黑
深中蓝,33,4,-39,青
深咖啡,34,6,8,黑
深墨绿,29,-10.33333333,-3,黑
深大红,44,55,30,赤
深天兰,57,-17,-34,青
深孔雀兰,34,-22,-29,青
深宝兰,34,-4,-24,青
深宝石绿,54.448,-26.747,15.262,绿
深景蓝,29,5,-25,黑
深晶红,50,56,22,红
深曙红,38,51,21,红
深月兰,35,-8,-43,青
深杏,57,15,16.5,红
深杏灰,48,7,11,青
深松绿,68.634,-18.7905,-4.1905,碧
深果绿,45.5,-36,18,绿
深枣红,36.5,44,17,红
深枣酱,27,28,-2,紫
深栗色,37.638,5.935,6.107,黑
深桃红,60,54,2,红
深桔红,50,56,36,赤
深桔黄,57,56,49,赤
深毛月色,46.818,1.442,-22.818,青
深毛蓝,31.607,1.127,-16.493,黑
深水兰,55,-35,-20,碧
深海绿,31.67177005,-13.80377685,-0.985766406,黑
深湖绿,63,-35,3,碧
深灰蓝,29.6388252,-8.744041578,-8.946654536,黑
深烟,39.076,3.63,1.317,黑
深烟红,25.871,13.204,-0.917,黑
深牙妃,78,26,14,红
深牵牛紫,17.65273841,14.5713822,-10.60236529,黑
深玫瑰紫,31,35,-22,紫
深玫红,37,53,6,红
深琉璃绿,44.44041996,-20.67551353,15.68618164,绿
深瓦灰,47.307,-0.887,-5.324,青
深砖黄,47,39,39,赤
深竹月,51.508,1.177,-33.652,青
深米棕,66,28,42,赤
深米黄,83,10,45,黄
深紫,29.4,15.4,-22.9,紫
深紫罗兰,28,21,-34,紫
深紫酱,28,22,5,黑
深红,43.15,51.95,14.45,红
深红莲,37,46,-21,紫
深绿,41.947,-27.8175,17.7015,绿
深翠绿,43,-32.5,1,碧
深肉色,75,31,35,赤
深艳兰,32,5,-31,紫
深芍药红,53,42,-1,红
深芍药绯红,48,52,-11,紫
深芦灰,43.77412622,11.90905219,-4.403062852,紫
深芽绿,60.239,-15.311,45.896,流黄
深茄紫,35,31,-34,紫
深蔷薇红,55,58,-3,红
深虹兰,51,-7,-37,青
深蚧青,32.5,-11.5,-17.5,青
深蛋青,35,-29,-20,青
深蝶兰,49,-31,-14,青
深褐色,30.274,1.834,6.053,黑
深西红,50,56,27,赤
深豆花紫,48,24,-22,紫
深赭红,40,40,19,红
深釉红,31.753,15.958,7.257,黑
深金驼,41,5,16,黑
深铁灰,26,-3,-4,黑
深铬绿,33.66676676,-10.41928816,3.312994733,黑
深银灰,71.556,-2.603,11.148,白
深锈红,38,25,14,红
深雪青,38,30,-26,紫
深青,61.05,-13.45,-27.5,青
深青莲,36.5,31,-30.5,紫
深香叶红,54,57,16,红
深黄,64.8,25.1,59.5,流黄
深鼻烟,38,9,10,黑
清水蓝,78.20494301,-16.25388306,-9.285601048,碧
渌波,70.741,-14.337,12.476,碧
渥赭,59.271,46,12.466,红
湖兰,74,-25,-7,碧
湖水蓝,82.15465224,-7.196083241,-12.91226831,白
湖蓝,80.7,-18.1,-4.2,碧
湖蓝灰,51.036,-5.592,-8.071,青
湛蓝,35.74,11.794,-37.834,紫
溶溶月,77.97,-2.489,2.529,白
满江红,46.1475507,32.53965283,8.73209856,红
漂净肤色,83.92,23.7,19.4,白
漆姑,50.866,-23.435,22.889,绿
潭水绿,39.33912733,-2.802818819,25.63627295,绿
潮蓝,58.74289907,-3.476354384,-33.54802834,青
濯绛,45.374,5.34,6.994,青
瀑布蓝,72.51879863,-21.41761131,-17.42390057,碧
火山棕,26.84487598,15.79746214,8.282056098,黑
火岩棕,36.81092537,30.38965864,20.21928619,红
火泥棕,48.53280089,21.84891253,23.62098865,赤
火焰红,40.771,59.726,41.579,赤
火砖红,56.35044974,37.07479773,37.11825556,赤
火鸡紫,37.20715394,29.9866856,-7.473246024,紫
火鹅紫,11.262,16.986,0.359,黑
灯草灰,25.8995,0.4815,0.777,黑
灰,44.33333333,-1.666666667,-5,青
灰白色,87.11443579,1.458064303,2.163156877,白
灰米,69.275,-3.427,16.66,绿
灰肤色,39.78,15.13,13.78,黑
灰色,51.27233333,0.002,0.276,青
灰黄,66.4,6.1,27.7,流黄
灰鼠色,55.802,0.824,-3.138,青
炒米黄,81.65775882,5.064641698,34.52740703,黄
烟墨,34.846,5.756,-1.849,黑
烟栗色,27.9895,5.3615,5.1125,黑
烟红,49.93505451,15.93525323,0.720173579,紫
烟色,34.573,6.877,10.482,黑
烬灰,52.4568526,-7.163314765,-3.7478828,青
烹虾红,55.41472775,54.47100284,34.45810111,赤
焦茶绿,36.81336045,4.572179695,25.74412573,黑
焰蓝,71.57970028,4.71825137,-32.92139075,青
煤烟色,35.149,-8.27,-7.845,青
煤黑,21.293,3.794,4.878,黑
熟褐,46.67,15.497,19.267,红
燋茶色,42.371,-3.186,10.93,黑
燕羽灰,45.92558436,-0.405317634,12.41335102,绿
燕颔红,61.377,55.446,66.472,赤
燕颔蓝,28.51621553,0.698347977,-9.752816393,黑
爵头,20.612,35.671,20.208,红
牙妃,86,12,13,白
牙绯,51.894,41.274,19.255,红
牙绿,88.995,-13.346,37.052,黄
牙黄,88.014,-3.123,24.606,白
牛血红,38.528,55.334,42.242,赤
牛角灰,32.24513816,2.653786824,-8.691246495,黑
牡丹粉红,77.65677502,31.01376329,8.366514072,红
牡丹色,44.927,56.289,-11.489,紫
牡蛎绿,71.59692279,-16.03820631,12.70526172,碧
牵牛紫,29.75161726,40.25832795,-18.70888863,紫
牵牛花蓝,50.7518289,-7.471249441,-38.80780091,青
特元色,29,10,-4,黑
特咖啡,31.5,2.5,4.5,黑
犀角灰,40.23087902,10.61819566,5.80003648,黑
独山玉绿,55.28700922,-12.57069975,4.507458308,碧
狼烟灰,48.01059018,-5.770022214,-0.727609997,青
猩猩血,45.945,66.004,41.37,赤
猩红,42.13375,50.71525,29.5685,赤
猪肝紫,27.36780634,21.26192469,1.797493188,黑
猬灰,65.47531393,4.101282083,-11.68598221,青
猴毛灰,60.560366,6.894201607,9.829268889,绿
獭见,10.544,0.33,-9.264,黑
玄天,38.148,10.229,1.312,黑
玄校,65.896,-1.71,16.849,绿
玄色,21.56775,14.799,10.48825,黑
玄青,27.714,5.438,-8.614,黑
玉白,92.5885,-1.0405,2.1905,白
玉石蓝,49.253,-6.758,-7.244,青
玉簪绿,79.76144279,-11.93914006,0.698291562,白
玉粉红,75.95723605,16.22970981,20.91243377,白
玉红,49.56115804,43.43908771,14.53372424,红
玉绿,82.976,-21.897,7.952,碧
玉鈫蓝,42.598,-17.7,-18.224,青
玉钗蓝,46.46671131,-13.51367497,-12.91374426,青
玉頩,91.269,1.336,1.57,白
玉髓绿,67.0173556,-41.88432695,31.05317773,绿
王刍,65.28,-3.655,25.889,绿
玛瑙灰,78.15933964,4.562244188,-4.127065365,白
玛瑙粉,67.297,13.472,24.777,流黄
玛瑙红,17.014,20.945,14.627,黑
玛瑙色,50.506,23.023,27.212,赤
玫瑰灰,42.50483845,33.29435861,22.30965429,红
玫瑰粉,81.08100449,19.96477071,27.20051199,黄
玫瑰葡萄紫,25.24069997,28.63209169,-9.121829368,紫
玫红,44,60,4,红
玻璃绿,76.53155533,-7.690831721,1.771127841,白
珊瑚红,57.08250226,51.30176057,33.82430241,赤
珊瑚赫,43.125,57.374,44.101,赤
珍珠灰,89.006,0.309,4.515,白
珠子褐,70.447,6.167,8.602,白
珠母灰,44.37680852,9.8235195,8.874943011,黑
琅玕紫,54.019,48.024,-0.088,红
琉璃绿,61.650308,-39.31565449,33.66993992,绿
琉璃色,51.761,8.215333333,11.99266667,青
琉璃蓝,36.0535,-1.6535,-21.0725,青
琉璃黄,76.777,5.07,78.387,黄
琬琰,68.14,-5.427,17.75,绿
琼琚,62.159,31.497,28.193,赤
瑾瑜,15.261,-0.578,-8.445,黑
璆琳,20.926,6.02,-10.006,黑
瓜瓤粉,84.10064461,11.2978772,32.2071478,黄
瓜瓤红,67.2648015,37.90988966,31.55981423,赤
瓜皮绿,42.001,-20.931,17.78566667,绿
瓦松绿,58.39759298,-11.45672276,4.47845657,碧
瓦灰,53.274,1.559,5.44,青
瓦罐灰,38.33035301,2.077980227,-7.330892535,青
瓷白,94.809,-0.256,0.113,白
瓷秘,76.666,-7.313,21.123,白
甘石,73.464,3.909,1.404,白
甘石粉,87.8095,2.115,6.1155,白
甘草黄,80.78623577,5.046728989,41.38324022,黄
甘蓝绿,41.21690305,-7.105996092,-3.449240817,青
甘蔗紫,33.10428637,30.22609054,6.070071594,紫
田园绿,72.21385171,-31.73865878,10.51451145,碧
田螺绿,48.19837022,-6.494889085,2.648409648,青
田赤,84.103,-6.136,40.811,黄
田赤金色,77.247,4.047,37.979,黄
田鼠灰,42.66473258,3.957085277,-18.37753958,青
电气石末,26.93,-0.33,4.12,黑
电气石红,51.86157072,46.01509029,-9.602357505,紫
甸子蓝,64.04266255,-32.33163052,-22.70583903,碧
白,100,0,0,白
白屈菜绿,44.15605513,-8.917460951,2.901484231,青
白珊瑚,97.57,0.77,3.45,白
白皮松绿,85.26932165,-7.927968799,-2.001322071,白
白粉,90.573,3.198,7.865,白
白色,95.001,-0.007,-2.001,白
白芨红,67.62997507,40.09780059,-2.905805267,红
白青,73.7485,-14.0135,-2.825,碧
百灵鸟灰,72.39109559,2.155077772,11.68439353,白
百草霜,25.901,0.3225,-0.3975,黑
皦玉,93.727,-2.06,2.548,白
盈盈,88.101,15.828,-2.915,白
监德,60.751,2.507,-33.31,青
目童子,25.628,16.785,18.115,黑
相思灰,47.126,0.4305,4.5105,青
真丝绸色,85.986,4.139,22.422,白
真紫,37,27,1,紫
睛蓝,60.224,-8.566,-28.612,青
石发,54.786,-23.445,27.583,绿
石板灰,46.69198616,5.467931036,3.252175323,青
石榴裙,42.27,47.175,34.159,赤
石涅,44.562,-1.389,1.411,青
石竹紫,27.88471651,34.74529191,7.644514669,紫
石竹红,53.65826265,58.2314145,13.85113998,红
石英,75.652,7.268,-0.206,白
石莲褐,57.495,0.878,8.719,绿
石蓝,69.44,-21.816,-18.18,碧
石蕊红,81.41377216,19.61601142,1.997278736,白
石蕊蓝,71.59690012,13.04425647,-18.17254113,白
石蜜,77.914,-0.374,29.989,黄
石青,31.61433333,1.349,-29.95766667,青
砂绿,49,-21,49,流黄
砖红,38.258,28.264,22.566,红
砖青,56.5,-6.4,-8.4,青
砖黄,58,35,43,赤
砚灰,53.27228718,-7.460741729,1.942591267,青
硃膘,49.691,42.628,34.39,赤
硫化黄,80,3,44,黄
硫华黄,84.91978906,-3.724634731,66.71003469,黄
碧城,32.47,-2.459,-29.723,青
碧山,58.241,-24.02,36.804,绿
碧滋,63.796,-12.155,16.402,绿
碧玉,84.31,-16.99,18.44,白
碧玉石,60.4525,-15.152,-6.816,碧
碧落,81.991,-4.611,-18.46,白
碧蝉绿,64.84060868,-6.916077676,-1.592820843,碧
碧螺春绿,51.02204769,-4.377930478,49.21978441,流黄
碧青,65.90111287,-16.48035062,-20.37988006,青
磨石紫,29.9060128,19.84470575,-3.709536275,紫
福色,26.036,26.958,10.46,黑
禹余粮,83.696,-6.724,45.764,黄
秋波蓝,73.79964717,-5.961514673,-15.64084976,碧
秋海棠红,46.86634634,63.4027534,35.38787113,赤
秋色,45.062,8.191,26.813,流黄
秋葵黄,85.05894499,-3.863632118,55.18242442,黄
秋蓝,59.361,-4.505,-9.342,青
秋香绿,65.7,-8.7,51.9,黄
秧绿,63.71642998,-19.09915309,15.22797935,绿
穹灰,84.582,-6.539,-1.684,白
穹灰蓝,84.313698,-4.628188053,-9.140101641,白
空青,41.652,7.433,-29.071,紫
窃蓝,69.054,-0.328,-27.561,青
立德粉,91.052,-0.377,3.095,白
章丹,52.55,40.724,43.329,赤
竹月色,71.10533333,-3.614,-11.588,青
竹根青,60.4,-14.1,-12.4,青
竹篁绿,84.62261416,-14.04143189,2.652256078,白
竹绿,64.34075652,-41.22172704,1.954444879,碧
竹青,55.085,-14.72933333,22.334,绿
笋皮棕,41.217056,15.47760353,18.28919029,黑
筍皮棕,28.495,28.761,31.816,赤
筠雾,83.339,-4.378,17.896,白
篾黄,87.58167595,1.969502046,30.96524758,黄
米棕,75,19,37,黄
米汤娇,92.589,-1.535,8.73,白
米灰,77.914,-1.89,10.068,白
米红,76.651,7.955,19.311,白
米色,80.15,12.5,31.1,黄
粉,80.7,17.1,-7.8,白
粉凤仙,76.963,18.966,-2.396,白
粉团花红,71.99766971,27.58817105,1.409022408,红
粉棕,79.086,3.163,13.514,白
粉橙色,66.873,26.318,38.757,赤
粉白,92.24172217,4.253445236,5.269053475,白
粉米,83.067,16.815,0.776,白
粉紫,65.9,11.8,-27,青
粉色,94.608,-0.518,2.336,白
粉蓝,86.506,-7.365,-7.416,白
粉青,42.983,-17.595,-5.48,青
粗孔雀绿,51.172,-26.148,0.555,碧
粗晶皂,31.6335,1.4925,-2.8225,黑
粽叶绿,45.796,4.485,46.23,流黄
糙米黄,76,13,42,黄
素綦,35.102,-2.887,19.631,黑
素采,87.556,-2.269,-3.005,白
素馨黄,84.98716876,5.786601412,74.03998758,黄
紫,40.78766667,15.55133333,-15.278,紫
紫府,47.151,29.504,-8.637,紫
紫扇贝色,41.626,19.221,-5.706,紫
紫杉绿,33.62058343,-21.10681967,15.21051759,绿
紫梅,58.395,27.843,0.779,紫
紫棠,24.377,20.845,-11.039,紫
紫檀,25.319,15.331,6.1355,黑
紫檀色,23.029,13.603,9.999,黑
紫水晶,73.833,14.087,-16.062,白
紫灰,37.26777794,15.29422822,-10.32473968,紫
紫瓯,35.519,19.646,33.114,流黄
紫矿,43.348,33.988,10.864,红
紫砂色,28.66,19.046,15.936,黑
紫磨金,59.878,18.994,21.775,红
紫粉,51.8195,24.25,-11.8935,紫
紫紶,41.313,26.947,-20.862,紫
紫红,36.26666667,28.96666667,-3.733333333,紫
紫绛色,26.672,22.486,1.172,紫
紫罗兰,29,28,-34,紫
紫罗蓝,25.591,37.026,-28.866,紫
紫色,57.56,1.372,-32,青
紫花布,69.789,4.021,17.572,白
紫苑,53.797,13.017,-33.929,紫
紫茎屏风,50.205,32.413,-6.281,紫
紫荆红,53.52896256,67.21900918,1.325834444,红
紫草色,30.657,16.26,-20.884,紫
紫菂,60.939,10.118,-12.426,青
紫蒲,48.31,43.416,-24.621,紫
紫蓝,8.579,22.482,-21.008,黑
紫薄汗,69.73,17.311,-17.926,紫
紫薇花,72.686,32.123,-17.535,紫
紫藤灰,55.483,6.323,-9.89,青
紫藤色,65.061,9.386333333,-15.067,青
紫诰,39.814,15.009,0.783,紫
紫赤金色,74.022,12.893,75.137,黄
紫铜,34.4,8.866666667,7.033333333,黑
紫铜色,36.56,18.199,2.258,紫
紫黑,25.9,9.4,-8.6,黑
紫鼠,33.943,7.658,-4.461,黑
綟绶,45.655,-1.893,19.773,绿
綪茷,36.067,47.085,33.252,赤
緅絺,37.764,18.955,26.91,赤
縓缘,64.005,28.11,5.743,红
繱犗,73.516,-19.344,-2.229,碧
纁黄,47.876,41.226,30.773,赤
红,46.27666667,56.88933333,22.66133333,红
红䵂,58.47,35.148,16.215,红
红光甲基紫,41.2169516,46.90013556,-34.70787651,紫
红光甲花紫,33,28,-23,紫
红友,63.918,24.722,51.612,流黄
红咖啡,25,8,7,黑
红扇贝色,56.323,34.913,27.025,赤
红桔,55,43,36,赤
红梅,68.393,29.622,9.174,红
红梅色,68.393,29.622,9.174,红
红棕,47,25,23.5,红
红汞红,58.09125655,58.61415753,43.95846935,赤
红灰莲,56.468,26.5125,1.6905,紫
红狐色,58.515,13.197,30.925,流黄
红珊瑚,37.48,49.14,26.2,赤
红皂,40.409,0.637,-1.709,青
红紫,25.922,7.722,5.734,黑
红莲,48,41,-17,紫
红莲灰,51.828,36.324,1.076,红
红藤杖,55.646,7.549,-0.864,青
红豆沙,56,12,11,紫
红豆紫,36.7,36.7,1.8,紫
红踯躅,44.103,56.819,-3.536,红
红酱,32,40,16,红
红青,18,2,-8,黑
纯黑,21.26,0.86,0.65,黑
纯黑朱,24.31,0.71,-1.32,黑
纸棕,69.446,2.802,14.282,白
纺织娘绿,74.56285817,-20.87219718,17.16674308,绿
绀宇,25.557,5.947,-36.367,紫
绀红,42.93273238,31.27300734,30.28224746,赤
绀色,25.99833333,-0.239666667,-17.397,黑
绀蓝,27.636,9.009,-39.84,紫
绀蝶,19.574,1.898,-8.037,黑
绀青,29.609,5.9045,-21.3265,黑
练色,93.88566667,-0.073,4.271,白
织锦灰,61.223,-3.941,-1.358,青
绍衣,66.684,1.621,3.501,碧
绒蓝,41.994,-0.629,-20.784,青
结绿,38.987,-7.625,9.021,黑
绛紫,36.17,24.82033333,-3.591666667,紫
绛纱,56.08,23.137,9.479,红
绛色,40.581,55.897,38.06,赤
绞衣,49.2,-2.571,24.025,绿
绢纨,88.568,-6.811,39.191,黄
绣球绿,76.53166026,-6.888890697,4.488978,白
绮钱,86.344,-14.548,40.521,黄
绯,80.959,16.444,5.067,白
绾,54.542,14.561,8.618,紫
绿云,30.321,-4.188,6.638,黑
绿沈,52.566,-20.9555,31.64,绿
绿灰,45.62569879,-8.81360804,-0.179679825,青
绿琉璃色,49.293,-18.485,19.721,绿
绿豆褐,57.138,-1.637,17.341,绿
绿青,62.34,-14.95,29.25,绿
缁,27.107,10.436,5.066,黑
缁色,30.6325,10.772,4.2305,黑
缃叶,84.757,-6.188,65.005,黄
缊韨,41.986,27.856,31.045,赤
缙云,63.818,42.466,38.072,赤
缟,88.259,0.95,4.071,白
缟羽,94.447,0,0,白
缟色,88.195,0.861,4.813,白
缣缃,80.735,-1.725,21.687,白
缥碧,64.334,-16.112,5.317,碧
缥色,68.278,-12.573,-18.956,青
罗兰紫,24.179,41.32,28.284,赤
罗汉果色,33.542,7.612,14.082,黑
罗蓝灰,39.486,5.596,-13.572,青
美人焦橙,65.71284595,40.25183132,56.88242413,赤
美人祭,52.175,42.503,11.943,红
美蝶绿,64.61663369,-37.85204518,-6.68797415,碧
羽扇豆蓝,66.43763195,-3.336288606,-25.42707311,青
羽毛灰,79.411,-3.448,-4.02,白
翕赩,47.534,-11.066,3.831,青
翠屏绿,83.88772314,-5.591200478,7.356652701,白
翠微,48.765,-29.916,26.631,绿
翠樽,81.715,-14.994,46.873,黄
翠涛,62.282,-12.883,4.612,碧
翠缥,80.116,-29.27,70.604,黄
翠虬,40.917,-24.152,24.379,绿
翡翠色,42.5615,-49.669,6.5475,绿
老僧衣,48.319,23.694,28.308,赤
老灰,54,-1.5,-7.5,青
老绿,44.731,-16.833,13.989,绿
老茯神,57.627,5.485,47.453,流黄
老银色,76.203,-3.547,-1.695,白
肉棕,72.2,6.161,20.523,白
肉棕灰,66.655,5.365,14.759,白
肉粉,81.449,12.049,11.226,白
肉红,72.43866667,16.77933333,5.95,白
肉色,82.16138316,19.17294576,30.77275606,黄
肉黄,76.663,14.195,18.398,白
育阳染,41.705,-2.064,-8.416,青
胆矾蓝,56.67929849,-18.77066617,-23.73394067,青
胡粉,89.434,-0.297,3.935666667,白
胭脂水,51.193,43.781,-8.118,紫
胭脂紫,44.794,48.55,-2.058,红
胭脂虫,37.216,55.203,35.258,赤
舌红,73.98717618,30.57192391,13.07768213,红
艳兰,37,6,-38,紫
艳粉,47.496,47.045,-1.636,红
艳红,54.93853322,49.20009295,18.95808035,红
艳黄,71.866,18.536,69.047,黄
艾背绿,89.29033176,-7.865410322,5.40964709,白
艾褐,72.17,1.94,14.62,白
芋紫,46.50808907,22.60381025,-23.20259991,紫
芍药红,63,36,1,红
芍药绯红,68.88530077,29.60116124,-1.910115724,红
芒果棕,45.79246879,24.20772208,33.29054124,赤
芒果黄,81.00850678,-1.547335485,35.51261238,黄
芓紫,38.767,37.312,-16.046,紫
芙蓉红,62.70784051,45.97154929,46.19599938,赤
芝兰紫,82.97100412,19.92201627,-3.119576068,白
芡食白,87.24340315,4.780369819,-5.853244225,白
芥拾紫,24.498,29.608,-4.02,紫
芥花紫,40.28091193,47.32237543,-27.36762782,紫
芥菜绿,59,-12,13,绿
芥黄,68.54576236,4.839253732,63.68057383,黄
芦灰,59.32,1.0905,9.61,绿
芦穗灰,66.99111699,8.26209453,-1.196083969,白
芦苇绿,77.25347378,-23.82135035,36.83263511,绿
芦黄,79.303,5.138,19.806,白
芭蕉绿,50.94569296,-29.62562935,14.25501123,绿
芰荷,46.752,-24.644,21.273,绿
花白,77.36,-1.994,-5.322,白
芸黄,70.163,10.604,35.129,黄
芽灰,79.001,-2.521,15.963,白
苋菜紫,34.30967687,44.77063273,-9.251304204,紫
苋菜红,38.65205642,47.04609924,16.27662244,红
苍烟落照,75.191,6.429,3.48,白
苍白,81.432,-1.357,-6.496,白
苍筤,73.361,-15.019,4.203,碧
苍翠,54.125,-25.066,9.205,绿
苍艾,32.967,3.606,11.898,黑
苍苍,50.245,9.147,-39.064,紫
苍葭,74.552,-16.443,21.688,绿
苍蓝,34.61291973,-12.5684334,-13.39968567,青
苍蝇灰,36.47306822,9.394101925,-0.272527975,黑
苍青,59.932,-3.683,1.389,碧
苏勃尼青,35.399,1.277,-32.498,青
苏方,37.292,25.316,7.965,紫
苏木紫,51.57717205,11.4096492,-1.059090876,紫
苏木色,42.747,33.306,0.024,紫
苏梅,62.058,43.302,2.029,红
苔古,53.363,-8.132,11.214,绿
苔灰,46.167,-5.666,3.713,青
苔绿,51.58533994,-3.416744009,39.67760386,流黄
苕荣,61.032,46.495,49.415,赤
苦瓜绿,85.305,-16.129,38.581,黄
苷蓝绿,14.394,-3.902,0.944,黑
苹果红,64.4808725,52.06581129,28.34162841,赤
苹果绿,60.64619904,-23.06268961,32.70965817,绿
茄子色,30.705,24.57,-17.556,紫
茄紫,30.43066667,20.06933333,-13.14666667,紫
茄花紫,46,40,-8,紫
茈藐,58.46,25.916,-24.072,紫
茉莉花红,35.327,49.914,8.362,红
茉莉黄,89.98459319,-0.002189062,38.82001014,黄
茧白,83.88743585,4.628208094,-11.74547833,白
茧色,68.641,5.788,35.053,流黄
茵绿,71.5969489,-21.20454417,27.37835093,绿
茶叶末,36.617,21.629,36.047,赤
茶花紫,53,27,-18,紫
茶花红,59.45842125,57.91765909,22.78043228,红
茹藘,48.149,28.365,8.613,红
荆紫,61.68125529,33.4116145,-19.35457974,紫
荆褐,51.966,12.67433333,20.75833333,流黄
草原远绿,75.29360691,-11.19158743,-0.3705521,碧
草灰绿,53.93249442,-2.618472258,24.57943633,绿
草灰色,41.425,0.123,10.863,黑
草珠红,90.00739616,8.355803168,-1.813341952,白
草白,77.329,-4.895,11.863,白
草茉莉红,58.69011187,57.35822123,15.71275663,红
草莓红,62.95782093,47.23217673,36.86149998,赤
荔肉白,91.36741048,2.356708496,11.7123654,白
荠菜绿,42.46666923,-11.63198997,4.641402797,青
荧光白,87,3,13,白
荧光蓝,83.88724477,3.37717425,-11.70737288,白
荩箧,52.318,-2.897,24.836,绿
荷包海棠红,65.31847105,23.87818724,-5.970148377,紫
荷叶绿,41.59673907,-25.33025812,5.257969119,绿
荷花,71.8,27.8,-12,紫
荷花白,93.48596917,8.199040744,3.648629066,白
荷花红,62.293,40.873,-9.205,紫
荷茎绿,69.6225,-17.1395,17.6405,绿
荸荠紫,26.39737972,19.18646837,-12.63286206,紫
荼白,91.632,-2.439,0.579,白
莓红,51.827,43.366,14.452,红
莓莓,40.237,-14.802,13.697,绿
莓酱红,61.46586361,53.98257048,57.02546759,赤
莱阳梨黄,49.71988614,4.488084539,31.58765926,流黄
莲子白,85.59002652,2.206607835,16.41003107,白
莲灰,62.2405,4.6685,-11.402,青
莲瓣白,93.53874898,3.702998579,-12.20551244,白
莲瓣红,55.04665377,50.28995468,5.326196816,红
莴苣绿,65.33049361,-18.83607383,15.03646351,绿
莺儿,89.101,-5.069,28.694,白
莽丛绿,20.49566991,-6.058344274,-1.24868887,黑
菉竹,55.471,-20.405,15.124,绿
菊绿,82.23918206,-7.789206559,1.760164092,白
菊蕾白,86.43058906,0.234591927,15.8482917,白
菘蓝,50.397,-0.226,-13.111,青
菜头紫,39.80104343,49.36767558,-2.221564732,红
菠根红,51.80433227,51.53070736,-2.861136942,红
菠萝红,66.52659896,46.48298632,52.24560821,赤
菱锰红,63.85337762,43.34991023,-8.118149239,红
萝兰紫,64.43911017,27.21060882,-13.70572075,紫
萝卜红,53.33192528,60.65759692,39.59563333,赤
萤石绿,63.69174035,-29.63199359,24.7840439,绿
萱草色,65.849,31.541,63.55,黄
萱草黄,65.849,31.541,63.55,黄
落叶棕,35.1477539,27.13630335,17.8003293,红
落英淡粉,91.91841118,5.178835054,10.23283804,白
落霞红,46.57327147,44.94459821,43.1835229,赤
葛巾紫,35.81462601,36.7164574,-19.48404744,紫
葛花紫,20.298,27.57,11.819,黑
葡萄灰,35.993,11.915,-0.633,黑
葡萄褐,50.071,21.803,6.48,紫
葡萄酒红,29.67447689,38.39260675,-2.730111205,紫
葡萄酱紫,24.70476685,31.60426951,13.93794954,紫
葡萄青,30.12,10.62,-4.42,黑
葭灰,73.085,3.423,5.245,白
葭菼,84.581,-7.658,7.377,白
葱倩,56.125,-32.064,33.149,绿
葱油绿,43.98652244,-7.196851502,0.230193766,青
葱青,93.669,-9.956,25.714,白
葱黄,69.509,-28.502,60.543,黄
葵扇黄,83.37796899,2.365828237,39.58738724,黄
蒸栗,58.978,4.167,26.831,流黄
蒽油绿,23.299,-1.331,2.35,黑
蒿黄,80.10201828,-3.346801982,52.47183229,黄
蓝光甲基紫,43.92935041,16.70004341,-40.02084936,紫
蓝灰,46.25,-3.4,-15.1,青
蓝灰色,69.4785,-2.8025,-8.205,碧
蓝采和,27.297,0.099,-30.4,青
蓝黑,23.7,2.9,-10.2,黑
蓟粉红,80.21324818,11.16638655,-2.307573636,白
蔚蓝,66.88018209,-24.51817302,-18.27426659,碧
蔷薇红,64,49,-6,红
蔻梢绿,73.34565223,-34.58834316,15.60438086,绿
蕃茄红,42.163,39.149,24.112,红
蕈紫,49.63985103,10.41422998,-32.850711,紫
蕉月,58.835,-4.826,1.938,碧
蕉红色,40.98,51.769,25.508,红
薄荷绿,45.85335249,-27.61439736,7.431698084,绿
藏花红,52.30265732,67.07395543,1.196198849,红
藏青,32.68,3.153,-25.664,青
藏黑蓝,27.153,5.619,-10.399,黑
藕丝秋半,82.159,1.72,3.973,白
藕丝褐,59.346,12.558,4.771,紫
藕灰,59.574,-1.883,-4.269,青
藕红,80.8,17.8,8.4,白
藕色,70.73,8.6,10.7,白
藕荷紫,40,14,-11,紫
藕褐,55.8,7.7,-10.1,青
藤紫,72.22,6.28,-1.79,白
藤萝紫,58.13894021,13.29675976,-23.07825494,紫
藻绿,61.65861751,-11.5950034,8.45739783,碧
虎皮黄,73.0395486,9.532620114,62.52775626,黄
虎黄,69.5,38.5,65.5,黄
虾壳青,63.62995803,-5.880297075,-6.108885742,青
虾灰,73.981,-5.767,17.327,白
虾黄,63.883,13.61,47.206,流黄
蚌肉白,95.30348336,1.590223695,11.05005909,白
蚧青,42,-21,-18,青
蚩尤旗,46.989,32.679,14.909,红
蛇胆绿,53.07726101,-12.8533256,11.685905,绿
蛋壳黄,83.04935196,14.53205119,29.6653772,黄
蛋白石绿,59.2378798,-18.86165075,6.42490986,碧
蛋黄,75.419,9.371,53.5975,黄
蛙绿,69.36277783,-38.4052069,9.554650599,碧
蛛纲灰,57.32704855,10.46717709,4.655855822,青
蛛网灰,67.467,5.999,10.919,白
蛤粉,91.35666667,-0.393,6.475,白
蛤蜊粉,64.158,19.551,17.131,红
蛾黄,61.073,11.364,53.823,流黄
蜜合,86.099,-0.768,11.344,白
蜜合色,79.891,14.061,25.825,黄
蜜色,86,0,33,黄
蜜褐,28.934,21.767,12.469,黑
蜡白,89.625,-2.03,9.6075,白
蜡黄,89.525,-5.285,16.766,白
蜥蜴绿,48.96795212,5.116133028,37.46795786,流黄
蜻蜓红,60.14817,56.51871905,39.21942207,赤
蜻蜓蓝,51.85455854,-13.83994737,-12.83181041,青
蝙蝠灰,39.55730514,-5.01180173,2.916984643,青
蝶兰,61,-30,-13,碧
蝶粉,77.673,13.193,25.761,黄
蝶翅蓝,52.5938608,-0.113544557,-25.0611954,青
蝶黄,83.72474407,-9.814266984,55.29563811,黄
螳螂绿,76.5274989,-21.68252103,14.54414751,绿
螺子黛,21.625,-11.504,-7.121,黑
螺甸紫,56.06755735,13.79576253,-27.49338834,紫
螺青,32.055,-11.335,10.253,黑
蟹壳灰,42.14872541,-0.487133914,13.25590469,黑
蟹壳红,63.51657614,43.80119837,47.87745114,赤
蟹壳绿,41.1385632,3.474950664,20.85713253,黑
蟹灰,50,-6,4,青
蟹蓝,56.578,-5.352,-6.665,青
蟹蝥红,44.991,39.536,40.347,赤
蟹螯红,43.89341394,23.01220898,9.85288378,紫
蟾绿,58.58857329,-33.34628314,12.09872606,绿
血朱,48.01,57.5,46.43,赤
血牙,67.5,40.26666667,23,红
血红,34.902,29.308,22.961,红
行香子,74.935,-2.741,15.502,白
褐红,11.783,9.227,7.605,黑
褪色玫瑰,66.7007681,16.78215604,12.75944531,红
西子,74.261,-15.937,-10.926,碧
西红,62,47,21,红
覆盆子红,40.57505205,48.43292471,28.33736953,赤
谷鞘红,68.94882768,42.92840749,26.88141515,赤
谷黄,74.963,8.371,77.288,黄
豆棕,39.28,10.997,4.892,黑
豆汁黄,93.53204612,1.772319791,15.72749698,白
豆沙色,45.05,9.77,11.73,黑
豆灰,51,5,3,青
豆花紫,55,24,-19,紫
豆蔻紫,53.23489613,35.78448859,-21.12315931,紫
豆黄,66,17,44,流黄
豌豆绿,67.59152078,-16.79521155,18.48127723,绿
象牙红,37.46,45.007,18.39,红
貂紫,34.94691245,18.1476323,5.90079552,紫
赛佛磁蓝,46.46694791,0.045435184,-28.98161241,青
赤,66,52,31,赤
赤灵,38.174,33.951,33.891,赤
赤璋,79.869,5.619,24.377,白
赤缇,49.984,36.778,28.195,赤
赤色,45.842,63.0155,37.199,赤
赤金,73.609,11.346,54.119,黄
赤黄,78.2,20.1,24.9,黄
赩炽,50.784,46.871,36.036,赤
赪尾,66.25,37.544,38.929,赤
赪紫,32.522,54.663,-24.45,紫
赪霞,68.892,32.845,40.628,赤
赫色,43.435,24.92,23.15,红
赫赤,44.51,61.414,20.677,红
赭红,49.52,25.69333333,24.03133333,赤
赭绿,39.6905,-0.399,22.2235,黑
赭罗,48.298,18.846,18.161,红
赭色,44.667,41.609,33.042,赤
软木黄,70.67654493,17.5953665,40.80156616,黄
软翠,42.285,-16.452,-21.726,青
辰沙,44.285,23.355,14.977,红
迎春黄,91.05366463,-7.010262145,79.09664939,黄
远天蓝,80.60209414,-2.713896094,-7.587387077,白
远山紫,81.82638997,6.656395551,-9.261492767,白
远志,44.923,5.148,28.243,流黄
迷楼灰,56.056,8.127,-4.903,青
退红,80.809,15.0955,0.7095,白
选金,62.415,0.568,27.555,流黄
逍遥游,76.476,-3.669,-3.547,白
郁金,74.089,4.838,69.626,黄
郁金裙,62.271,21.631,53.17,流黄
酂白,97.206,-4.57,9.737,白
酡红,48.723,48.847,41.125,赤
酢酱草红,58.82109846,34.04437668,-2.066517609,红
酪黄,90.20343762,4.881535108,24.89807092,白
酱棕,27.26215565,26.42287797,13.72328234,黑
醉瓜肉,60.44879042,27.84318837,36.80290292,赤
醽醁,73.803,-8.621,2.228,碧
釉红,43.082,30.292,22.002,红
釉蓝,48.33439638,-5.237158576,-37.84065945,青
野菊紫,40.54064535,14.27241824,-27.0865258,紫
野葡萄紫,30.95779777,7.638919836,-16.89148387,黑
野蔷薇红,73.24030687,30.80503008,31.46930268,赤
金叶黄,73.38677815,29.06114104,70.40870642,黄
金埒,64.013,8.471,38.021,流黄
金瓜黄,86.57758903,-0.421652126,76.46709078,黄
金盏黄,81.7,7.089,82.675,黄
金红,58.1865,38.964,30.9145,赤
金色,76.449,7.682333333,46.25966667,黄
金莲花橙,58.77853136,51.03295537,58.13087569,赤
金莺黄,71.02822273,22.29506636,43.71855602,黄
金驼,56.74648902,29.50597048,38.51932951,赤
金鱼紫,24.97344808,34.88660018,1.875058532,紫
钛青,25.016,6.879,-15.712,黑
钟乳灰,85.244264,4.615250457,-11.70617572,白
钢蓝,20.58495906,4.964789278,-14.16422705,黑
钢青,21.98034506,1.917587317,-16.48757142,黑
铁棕,52.68467843,42.6637883,54.21618452,赤
铁水红,60.05726179,60.79563014,36.75732414,赤
铁灰,43.93717706,-2.751279915,1.539619983,青
铁绿,43.197,-5.44,13.868,绿
铁色紫,33,19,-8,紫
铁锈红,42.738,42.674,33.535,赤
铁青,33.155,0.752,-6.42,黑
铅丹,59.852,50.2795,42.379,赤
铅灰,76.619,-2.3035,5.444,白
铅白,92.0925,0.089,0.2495,白
铅色,48.386,0.413,-4.658,青
铜绿色,68.17099414,-23.37204752,8.887025163,碧
铜青,54.088,-26.611,-3.189,碧
银星海棠,43.223,52.515,7.503,红
银灰,66.3675,3.054,7.9885,白
银灰色,66.64955634,3.325852545,-0.115446784,白
银箔,64.916,-1.82,7.573,碧
银蓝,77.545,0.415,-8.955,白
银褐,62.912,12.1035,3.7165,青
银鱼白,82.46944587,1.139680787,-6.536321042,白
锈红,38.899,22.746,5.857,紫
锈绿,79.458,-8.616,11.106,白
锌灰,55.3810952,4.95835208,-5.440468074,青
锦葵红,48.06133757,45.21286172,8.952638785,红
镍灰,69.01944544,-5.13182792,0.019018046,碧
镜面朱砂,43.666,33.7935,13.4035,红
长春,59.294,46.381,8.42,红
长春色,52.397,35.976,14.812,红
长春花色,60.18,40.773,-13.634,紫
长石灰,21.869,0.652,0.943,黑
闪蓝,66.09528345,-8.14674257,-9.275690395,碧
闪蝶紫,61.917,7.047,-18.951,青
阴丹士林,28.927,1.027,-26.392,青
阴红灰,51.5771579,11.2534048,-4.434888141,紫
降真香,56.295,4.322,27.082,流黄
陶瓷红,57.879,44.016,57.372,赤
陶磁红,54.04255333,36.92810845,30.54761258,赤
隐红灰,59.88838275,14.09215842,-2.911058453,紫
雀梅,55.398,-11.834,12.33,绿
雀绿,46.5,-19,-16,青
雁灰,50.301,2.382,5.792,青
雄精,60.456,42.2,46.446,赤
雅梨黄,81.92869223,11.49742785,55.5944514,黄
雌霓,66.744,24.736,2.94,红
雌黄,69.3245,13.53725,44.20475,黄
雨后桃红,87.25889274,10.90944049,-3.450717774,白
雪灰,77.6955,9.238,-5.319,白
雪白,92.91466667,0.005666667,3.43,白
雪紫,34.133,17.859,-3.98,紫
雪色,94.553,0.422,-1.485,白
雪蓝,58.5445,6.3905,-32.622,青
雪青灰,61.87,2.175,-10.554,青
雷雨垂,51.45,-0.974,1.505,青
霁红,35.794,24.64,7.644,紫
霁色,64.952,-4.1895,-27.162,青
霁蓝,29.364,-0.359,-9.682,黑
霁青,76.36441397,-13.23876543,-18.70618397,碧
霉红,61.6440738,24.29943558,3.354453714,红
霜地,79.561,-2.467,8.141,白
霜色,91.8585,-0.5875,-2.8995,白
霞光红,59.35356532,34.77986165,1.834894019,红
露褐,59.353,17.636,34.391,流黄
青冥,46.369,0.513,-38.348,青
青古,75.354,-7.128,8.929,白
青圭,58.834,-7.395,27.405,绿
青梅,61.50002409,-17.73987185,14.24067935,绿
青楸,63.688,-18.717,14.432,绿
青灰,20.938,-0.341,-8.024,黑
青玉案,70.491,-8.178,14.444,绿
青白玉,79.057,-4.312,19.23,白
青矾绿,59.52822424,-36.08786417,1.272352676,碧
青碧,64.34,-33.186,1.365,碧
青粲,82.795,-25.759,63.568,黄
青緺,28.629,-8.649,-9.629,黑
青花蓝,35.399,1.277,-32.498,青
青莲紫,42.0275,29.089,-24.3545,紫
青菜绿,71.58316435,-51.09692881,45.4172776,绿
青葱,53.93,-40.08,32.614,绿
青蓝,39,-3,-26,青
青虾,57.79,-6.081,0.935,碧
青蛤壳紫,66.62881984,26.98790919,-15.61378678,紫
青豆绿,53.37654843,-21.06957766,16.6207703,绿
青豆色,66.628,-10.9035,17.758,绿
青金石末,63.29,-1.57,-10.93,青
青金色,53.214,4.811,-20.431,青
青雀头黛,32.407,-0.619,-19.717,青
青雘,42.904,-25.036,-9.955,青
青青,43.467,-20.172,19.233,绿
青骊,18.114,12.072,15.064,黑
青鸾,67.785,-2.49,-6.706,碧
青黄,83.4295,-2.4225,63.7665,黄
青黛,30.529,5.621,-14.267,黑
靠灰,61.66964242,3.959871231,-15.20304672,青
鞓红,44.373,44.692,15.178,红
鞠衣,69.447,7.87,59.572,黄
韎韐,43.533,28.337,41.433,赤
韭黄,66,-10,43,黄
韮牙黄,74,-6,40,黄
韶粉,88.787,-2.772,7.834,白
顺圣,26.949,41.885,23.68,红
颊红,78.50206637,29.7711853,18.44109382,红
风入松,56.461,-12.066,32.277,绿
风帆黄,66.207,20.19,64.153,黄
飞泉绿,51.26287479,-12.8032732,-0.742120874,青
飞燕草蓝,40.90309839,4.762175872,-48.00771116,青
香叶红,67.99970057,41.94336581,15.13669634,红
香妃,83.68,4.54,17.31,白
香松,53,2,0,青
香水玫瑰黄,85.93068949,5.180325903,33.48603644,黄
香炉紫烟,82.855,4.227,-4.092,白
香皮,84.086,0.344,6.804,白
香蕉皮,78.048,-0.362,67.625,黄
香蕉黄,79.84653983,-3.467812131,73.97288621,黄
香黄,42,10.8,27.8,流黄
驖骊,28.465,-0.37,5.314,黑
马肺红,44.215,53.134,28.18,赤
马蹄莲绿,85.81844407,-5.607073114,7.463545164,白
马鞭草紫,86.21885392,9.603809193,-5.497246125,白
驼灰,54,10,23,流黄
驼褐,41.4,9.695,21.962,黑
驼黄,51,24,39,流黄
骆驼色,73.674,7.445,23.739,白
骍刚,77.41,20.387,30.962,黄
骐驎,15.897,8.244,-27.615,黑
骨缥,90.195,-1.862,14.661,白
高粱红,44.14229723,53.30633902,20.2602369,红
魏紫,36.72055361,45.74849962,-19.29129166,紫
魏红,41.072,49.912,-2.133,红
鱼尾灰,48.29584688,2.685170192,-9.466633098,青
鱼师青,46.902,-16.066,-16.344,青
鱼红,50,38,34,赤
鱼肚白,91.84725,0.85825,2.17725,白
鱼青,75,-8,7,白
鱼鳃红,54.27849469,58.69004537,35.00515469,赤
鲑鱼红,73.56757146,22.50218707,36.79981728,黄
鲛青,55.30364872,1.249470843,28.57088775,流黄
鲜红,65.29922417,58.35439821,25.1765886,红
鲜绿,64.84266993,-45.71012918,31.87540156,绿
鲜蓝,36.515,28.887,-58.842,紫
鲸鱼灰,44.5926434,1.181128225,-9.511849418,青
鳝鱼皮,52.727,-9.224,32.365,绿
鷃蓝,30.173,-1.177,-28.979,青
鸡冠紫,43.80946586,34.7125489,-7.901135266,紫
鸡冠红,44.9930705,54.55644999,20.0036175,红
鸡冠花红,34.596,45.123,-8.482,紫
鸡蛋黄,79.90256544,18.67872427,68.64246499,黄
鸡血石红,51.53325312,33.1800893,11.88736257,红
鸡血红,31.577,33.502,19.861,红
鸡骨白,79.699,0.168,5.006,白
鸢尾蓝,57.89800664,-10.72023551,-33.65235763,青
鸣珂,72.913,-5.103,12.521,白
鸥灰,54.68742362,-5.195758879,-8.170102591,青
鸥蓝,79.98362943,-0.142680879,-6.926975149,白
鸦雏,40.655,9.691,-7.986,紫
鸦青,33.159,0.2165,-8.126,黑
鸭卵青,87.285,-4.637,-0.821,白
鸭头绿,38.501,-21.927,0.035,青
鸳鸯紫,25.20656812,36.91173529,-11.50431917,紫
鸽子灰,51.57715134,-3.897005469,8.37180074,绿
鸽灰,76.579,-5.24,-0.418,白
鸽蓝,25.66811106,1.408008865,-11.78369686,黑
鹅冠红,44.925,66.647,39.401,赤
鹅掌黄,80.30158134,17.78486219,64.93979315,黄
鹅血石红,40.57,46.844,31.361,赤
鹊灰,41.969,-0.763,-8.605,青
鹑灰,43.46813255,3.589785932,-12.26512254,青
鹞冠紫,22.737,33.178,2.325,紫
鹤灰,39.68409305,3.243999317,9.346804931,黑
鹤顶红,48.85143568,57.90369344,38.51827939,赤
鹦鹉冠黄,83.77698371,5.382188283,56.27058031,黄
鹨蓝,41.17786731,0.467052178,-24.74771239,青
鹰背褐,41.506,8.81,12.617,黑
鹿皮棕,64.444,2.44,33.07,流黄
鹿皮色,74.98,5.887,34.076,黄
鹿皮褐,65.9938123,17.96582002,29.03082311,流黄
鹿角棕,80.09401795,10.88110243,22.57880128,白
麂棕,59.18423903,33.96294844,51.76001426,赤
麒麟竭,18.099,21.427,13.361,黑
麝香褐,54.863,14.7865,25.476,流黄
麦浪绿,54.10901605,-29.96286161,24.46710918,绿
麦秆黄,89.97195389,-2.26946014,45.07574206,黄
麦芽糖黄,88.47344001,7.811506724,33.38528028,黄
麦苗绿,73.23123406,-35.2818296,11.62415446,碧
麹尘,81.155,-14.128,23.583,绿
黄不老,68.573,14.958,60.205,黄
黄丹,56.133,55.183,61.771,赤
黄埃,62.928,8.34,21.266,流黄
黄封,73.294,-0.115,35.821,黄
黄昏灰,41.57004181,-3.272643045,-4.674857648,青
黄栌色,60.19366667,23.41866667,47.52333333,流黄
黄栗留,88.481,-2.085,64.432,黄
黄棕,52.40966667,13.85266667,27.62266667,流黄
黄棕色,54.329,4.458,24.968,流黄
黄河琉璃,73.007,13.381,55.311,黄
黄流,46.823,20.785,41.872,流黄
黄润,85.626,-1.796,15.945,白
黄灰,74.383,-4.484,7.007,白
黄琉璃,69.176,7.109,51.383,黄
黄琮,59.055,1.612,20.132,绿
黄白游,96.031,-10.313,46.092,黄
黄粱,74.743,-0.384,17.457,白
黄绿,60.21,-10.3035,33.7375,绿
黄色,85.668,0.052,52.861,黄
黄莲黄,75.97755419,17.00461456,71.28798751,黄
黄螺,67.486,-0.208,24.113,绿
黄连黄,82.21,6.196,81.408,黄
黄金色,77.356,1.1855,63.491,黄
黄鸭色,47.393,13.756,22.634,流黄
黑,0,0,0,黑
黑咖啡,30,5,8,黑
黑彩,14.726,1.974,3.707,黑
黑曜石末,70.51,2.25,15.78,白
黑朱,44.714,0.518,7.739,青
黑棕,32.702,10.7735,15.803,黑
黑紫,22.919,8.88,0.629,黑
黑肤色,30.21,3.43,2.92,黑
黑色,12.514,1.201,-1.546666667,黑
黑青,55.5,-6.4,-6.2,青
黛紫,31.882,14.239,-14.079,紫
黛绿,39.414,-8.425,-5.205,青
黛蓝,32.82166667,0.596,-12.26566667,黑
黝绿,45.0219634,-13.91343528,5.064869324,青
黝色,38.119,6.453,1.034,黑
黧,35.382,2.922,11.226,黑
黪紫,59.562,40.626,-8.803,紫
黯,34.929,-3.242,-6.326,黑
鼠毛褐,60.4,3.1,10.6,绿
鼠背灰,50.82712172,11.88639656,-0.482350711,紫
鼠鼻红,76.0463266,20.74104838,-0.851110667,白
鼬黄,76.42744642,20.31136939,78.53650744,黄
齐紫,27.793,43.185,-27.798,紫
龙嘴花红,71.59714823,45.1398701,11.27756318,红
龙战,30.778,7.969,25.081,黑
龙泉青瓷釉色,77.567,-8.847,9.418,白
龙睛鱼紫,31.83328434,16.8081091,-10.42512269,紫
龙睛鱼红,61.03638089,49.06572196,50.20802735,赤
龙胆紫,27.378,16.786,-26.4175,紫
龙膏烛,65.191,39.978,-4.199,红
龙葵紫,26.93583852,4.916278487,-9.697613319,黑
龙须红,55.01503702,53.87550828,-10.6810305,红
龟背灰,61.6812588,2.049388343,11.10549153,绿
龟背灰绿,45.0424092,-7.021705104,1.834020785,青
龟背黄,46.618,4.049,23.017,绿
艾绿,68.31982799,-13.68003912,17.76549974,绿
宝蓝,39.26674326,4.448140108,-33.32568328,青
碧绿,56.11734751,-39.73092839,-2.084981078,碧
苍黄,57.93111489,3.345602539,37.36563212,流黄
苍绿,37.49572476,-9.264217274,4.159115891,黑
苍色,44.64062196,-14.93067394,-4.005524694,青
藏蓝,36.31510221,-1.804390469,-17.28326898,青
草黄,72.5808564,-2.957146841,55.07810014,黄
草绿,53.71165454,-16.49811017,26.78837954,绿
茶褐,42.78660935,14.68012676,20.53127677,黑
茶绿,48.29162786,-8.357715559,20.30174758,绿
茶色,45.17033939,21.51271793,21.6006503,红
葱根绿,64.89302466,-32.99819689,25.97507859,绿
大红,51.14551208,52.76672747,35.87761829,赤
玳瑁黄,59.374895,17.08127067,25.04058539,流黄
黛色,29.09533022,-1.745941081,-6.512501502,黑
蛋青,71.08873618,-13.08564254,-11.29775311,碧
靛蓝,28.35189773,5.162864443,-28.08926335,紫
靛青,41.18237567,2.170353508,-41.48710044,青
丁香紫,61.90780551,-12.85824123,-2.859508701,碧
豆绿,62.81495647,-25.24894327,30.50687025,绿
豆青,65.72285422,-8.329131678,18.54213208,绿
豆沙,39.82980941,18.40408505,11.80450641,紫
鹅黄,79.02661112,4.004414489,54.19234106,黄
妃色,59.58016625,38.26273048,23.56030705,红
粉红,74.01576598,30.1349821,5.64996491,红
橄榄灰,43.0916655,-0.668418691,9.23629055,黑
橄榄绿,41.31700405,-5.682250291,31.04866792,绿
绀紫,26.75635,23.53299277,-13.96978294,紫
钴蓝,59.34998764,-10.14811074,-26.80333658,青
果绿,65.00204014,-30.32714921,24.09708398,绿
海棠红,49.93321948,57.45009898,24.17955708,红
褐色,44.05121157,20.04810193,30.21221377,赤
虹蓝,53.08256578,-2.162392475,-35.05217999,青
湖色,65.82572216,-27.72358961,10.70289802,绿
琥珀黄,70.51537011,18.49608462,58.13651917,黄
花青,39.61605552,-0.481198063,-28.82748246,青
黄,78.46775741,8.564453628,70.59938934,黄
灰蓝,47.77893393,-4.707055905,-9.413084752,青
灰绿,55.98016699,-4.855721208,26.40504869,绿
茄皮紫,23.43702949,18.62497149,2.204175633,黑
姜黄,71.86402154,8.408065836,55.14208002,黄
豇豆红,59.71538927,44.17488076,24.44153336,红
酱色,27.86472839,14.15107318,9.255115651,黑
酱紫,28.96393986,25.23722413,2.132466803,紫
金黄,66.01528865,23.86014743,58.97163089,黄
金棕,42.36712321,29.83133203,27.04122168,赤
景泰蓝,56.32662799,-3.366717285,-10.83181681,青
桔红,58.42029579,42.46828615,35.89159191,赤
桔黄,65.42303378,32.66580818,41.71209574,赤
孔雀蓝,41.61987057,-2.110867563,-35.86102899,青
孔雀绿,51.22214692,-37.54755725,5.591671844,绿
枯绿,67.85636953,0.101085501,44.39643782,黄
葵黄,78.23980113,10.98600152,65.04805136,黄
蓝翠,59.18798137,-16.72871803,-24.04305255,青
莲红,52.96744288,36.36893058,9.03466797,红
绿色,56.06833719,-37.89164453,15.28577171,绿
满天星紫,33.1580303,17.08466445,-34.74841757,紫
玫瑰红,40.42531967,49.127397,7.366495929,红
玫瑰紫,36.45238226,37.55752722,-9.883984401,紫
米白,81.25116298,9.744342232,41.54696966,黄
米黄,79.11742797,20.95718142,34.86400808,黄
秘色,72.1659028,-11.22321541,-0.445238304,碧
蜜黄,84.50220903,10.45181042,44.92074907,黄
明黄,81.90174238,1.455953313,68.95338747,黄
墨绿,30.9558418,-42.43312395,-1.996913061,绿
墨色,29.91061606,-0.840369909,-2.368242393,黑
嫩绿,71.14013037,-25.44889224,38.04816812,绿
藕荷,80.91458348,12.8789135,7.837188714,白
蘋婆绿,40.93602313,-27.97454325,2.136440559,绿
葡萄紫,27.60563115,14.72835876,-6.387960183,黑
漆黑,13.66214187,1.942036444,-1.748415389,黑
浅粉红,80.50258241,32.17009218,7.439227302,红
浅湖兰,83.77168756,-10.06162897,-2.398913799,白
浅灰,70.8357632,-1.234757565,-0.976437767,白
浅兰,64.15669012,-6.409775895,-23.03888943,青
浅蓝,67.35288438,-9.041257822,-22.70557615,青
浅雪青,67.10846709,7.540077028,-16.72549465,青
浅血牙,78.30357319,25.41075651,20.14263441,红
茜红,50.21328791,45.02116331,17.48586519,红
青,38.2462714,-3.50524658,-29.9748,青
青翠,48.90442964,-40.52700544,11.1652185,绿
青灰色,45.22219831,0.522705281,-8.797759532,青
青莲,45.35662416,32.13823364,-24.7347838,紫
秋香色,62.80616642,6.397479789,50.12810074,流黄
群青,35.66151909,7.650265022,-44.77627889,紫
乳白,90.20004879,-1.194267407,6.810968388,白
三绿,73.15549841,-27.13854861,5.05855529,碧
上青,24.12391163,1.914071471,-15.55400215,黑
深草绿,36.42956932,-8.70668717,11.35543458,黑
深灰,39.14767306,-0.256917174,-2.85932655,青
深蓝,27.83360018,0.582602939,-23.20098623,黑
深上青,28.23145616,0.141990269,-6.300375361,黑
石黄,78.80916833,6.755201689,48.79105632,黄
石榴红,41.03527868,54.8469061,30.17824204,赤
石绿,57.62193275,-25.33243095,1.496962975,碧
朱红,52.23497545,55.19716433,44.92352058,赤
水红,75.33310571,20.14239599,3.749140758,白
松叶牡丹红,43.50412753,56.43039827,11.65617522,红
桃红,60.97875273,36.88339844,9.744095381,红
藤黄,79.96875266,5.280725927,63.17663357,黄
天蓝,59.86285813,-8.95077626,-30.12472874,青
天青,53.05518014,-10.99338077,-19.54409961,青
铜绿,62.26804103,-23.83163778,5.578293351,碧
土黄,68.07948702,10.67604877,56.28100355,黄
驼色,53.59030627,13.83087403,10.49873857,紫
虾青,56.75678921,-7.838261474,-2.430377578,青
象牙白,91.26333344,1.037429232,9.314582986,白
蟹青,54.75271693,-2.241964749,-5.77440147,青
杏黄,70.73138267,19.45209637,51.44811056,黄
雄黄,66.27445002,32.46411184,57.0332597,流黄
雪青,55.70765169,17.71658078,-20.49006062,紫
牙色,83.51804358,2.929435428,20.90256825,白
芽绿,73.86060406,-20.48159848,44.43028425,黄
胭脂红,49.70411707,52.14949108,22.39127567,红
殷红,34.15008631,41.76234427,14.91904382,红
银白,88.33226769,2.506554765,-0.743737947,白
银红,57.06787696,30.87394809,14.78753874,红
银色,81.58934366,0.623798939,-3.400947296,白
银鼠灰,65.4106162,1.222123125,4.520943096,碧
银朱,49.66117593,55.6707003,38.96117537,赤
鹦哥绿,64.17590435,-38.71241883,-0.918135049,碧
鹦鹉绿,52.88238991,-36.28096692,34.50620879,绿
油绿,46.25392077,-18.66196771,20.08025241,绿
玉色,77.40891073,-17.36383359,9.187806232,碧
元青,23.90061455,0.253100095,2.235421202,黑
月白,76.45050939,-3.535217501,-4.251343856,白
枣褐,37.01574819,17.52358987,14.53252345,黑
枣红,35.29357225,40.71628877,20.26274396,红
皂,25.11782253,2.420406005,5.07703132,黑
赭石,42.71372487,25.2828464,27.48007686,赤
枝绿,72.91025047,-19.23754577,2.335802906,碧
栀子黄,76.59845521,8.926536033,65.02296606,黄
中绿,43.03388524,-15.04805371,2.477831105,青
朱,49.5389271,52.294758,29.08517214,赤
砖褐,33.28186271,14.77223684,14.01736712,黑
祖母绿,48.76468988,-37.9482982,22.66223174,绿
